frame_index,timestamp_s,state,est_x,est_y,gt_x,gt_y,error_px,confidence,latency_ms
0,0.0,ACQUIRE,99.997,149.979,100.0,150.0,0.021,0.824,13.635
1,0.0333,ACQUIRE,101.514,151.001,103.333,151.667,1.937,0.841,17.14
2,0.0667,TRACK,104.05,151.954,106.667,153.333,2.958,0.848,22.998
3,0.1,TRACK,107.049,153.472,110.0,155.0,3.323,0.853,22.137
4,0.1333,TRACK,110.361,155.343,113.333,156.667,3.254,0.857,15.333
5,0.1667,TRACK,114.193,156.983,116.667,158.333,2.818,0.861,19.471
6,0.2,TRACK,117.862,158.858,120.0,160.0,2.424,0.866,19.467
7,0.2333,TRACK,121.389,160.835,123.333,161.667,2.115,0.873,16.523
8,0.2667,TRACK,125.151,162.481,126.667,163.333,1.738,0.877,18.915
9,0.3,TRACK,128.706,164.284,130.0,165.0,1.479,0.883,14.503
10,0.3333,TRACK,132.116,166.176,133.333,166.667,1.313,0.887,19.189
11,0.3667,TRACK,135.733,167.781,136.667,168.333,1.085,0.89,14.555
12,0.4,TRACK,139.179,169.538,140.0,170.0,0.942,0.893,17.856
13,0.4333,TRACK,142.511,171.386,143.333,171.667,0.869,0.896,13.625
14,0.4667,TRACK,146.057,172.949,146.667,173.333,0.72,0.897,13.714
15,0.5,TRACK,149.452,174.675,150.0,175.0,0.637,0.899,13.328
16,0.5333,TRACK,152.744,176.504,153.333,176.667,0.611,0.901,13.053
17,0.5667,TRACK,156.244,178.055,156.667,178.333,0.506,0.901,17.147
18,0.6,TRACK,159.612,179.767,160.0,180.0,0.452,0.902,14.188
19,0.6333,TRACK,162.891,181.584,163.333,181.667,0.45,0.904,21.216
20,0.6667,TRACK,166.372,183.124,166.667,183.333,0.362,0.904,18.504
21,0.7,TRACK,169.726,184.824,170.0,185.0,0.326,0.905,13.935
22,0.7333,TRACK,172.996,186.632,173.333,186.667,0.339,0.906,14.361
23,0.7667,TRACK,176.46,188.164,176.667,188.333,0.267,0.906,15.973
24,0.8,TRACK,179.806,189.86,180.0,190.0,0.239,0.907,12.601
25,0.8333,TRACK,183.07,191.659,183.333,191.667,0.263,0.908,22.119
26,0.8667,TRACK,186.521,193.184,186.667,193.333,0.208,0.907,19.349
27,0.9,TRACK,189.86,194.876,190.0,195.0,0.187,0.909,18.072
28,0.9333,TRACK,193.121,196.672,193.333,196.667,0.212,0.909,15.014
29,0.9667,TRACK,196.564,198.208,196.667,198.333,0.162,0.909,21.732
30,1.0,TRACK,199.902,199.898,200.0,200.0,0.142,0.909,14.947
31,1.0333,TRACK,203.163,201.693,203.333,201.667,0.172,0.909,15.127
32,1.0667,TRACK,206.601,203.23,206.667,203.333,0.122,0.909,15.183
33,1.1,TRACK,209.935,204.921,210.0,205.0,0.103,0.909,16.255
34,1.1333,TRACK,213.195,206.713,213.333,206.667,0.146,0.909,14.873
35,1.1667,TRACK,216.627,208.246,216.667,208.333,0.096,0.908,19.434
36,1.2,TRACK,219.955,209.936,220.0,210.0,0.078,0.909,15.799
37,1.2333,TRACK,223.216,211.723,223.333,211.667,0.13,0.909,15.181
38,1.2667,TRACK,226.647,213.256,226.667,213.333,0.079,0.909,15.424
39,1.3,TRACK,229.976,214.946,230.0,215.0,0.059,0.91,15.969
40,1.3333,TRACK,233.233,216.739,233.333,216.667,0.124,0.909,13.553
41,1.3667,TRACK,236.66,218.273,236.667,218.333,0.061,0.909,16.291
42,1.4,TRACK,239.986,219.961,240.0,220.0,0.042,0.909,15.09
43,1.4333,TRACK,243.244,221.744,243.333,221.667,0.119,0.908,22.501
44,1.4667,TRACK,246.67,223.276,246.667,223.333,0.057,0.907,13.62
45,1.5,TRACK,250.0,224.961,250.0,225.0,0.039,0.909,17.193
46,1.5333,TRACK,253.262,226.745,253.333,226.667,0.106,0.909,15.925
47,1.5667,TRACK,256.691,228.276,256.667,228.333,0.063,0.909,17.541
48,1.6,TRACK,260.018,229.96,260.0,230.0,0.044,0.91,22.794
49,1.6333,TRACK,263.277,231.746,263.333,231.667,0.097,0.91,13.969
50,1.6667,TRACK,266.703,233.279,266.667,233.333,0.066,0.909,15.823
51,1.7,TRACK,270.031,234.963,270.0,235.0,0.049,0.91,21.247
52,1.7333,TRACK,273.286,236.748,273.333,236.667,0.094,0.909,14.235
53,1.7667,TRACK,276.711,238.282,276.667,238.333,0.068,0.908,13.681
54,1.8,TRACK,280.037,239.968,280.0,240.0,0.049,0.908,13.229
55,1.8333,TRACK,283.291,241.756,283.333,241.667,0.099,0.908,21.693
56,1.8667,TRACK,286.714,243.288,286.667,243.333,0.065,0.909,13.912
57,1.9,TRACK,290.04,244.97,290.0,245.0,0.05,0.909,13.498
58,1.9333,TRACK,293.295,246.756,293.333,246.667,0.097,0.909,18.27
59,1.9667,TRACK,296.714,248.291,296.667,248.333,0.064,0.909,14.425
60,2.0,TRACK,300.037,249.978,300.0,250.0,0.043,0.909,12.971
61,2.0333,TRACK,303.29,251.768,303.333,251.667,0.11,0.908,14.47
62,2.0667,TRACK,306.711,253.304,306.667,253.333,0.053,0.907,13.945
63,2.1,TRACK,310.038,254.985,310.0,255.0,0.041,0.908,21.109
64,2.1333,TRACK,313.292,256.766,313.333,256.667,0.107,0.908,13.796
65,2.1667,TRACK,316.712,258.299,316.667,258.333,0.056,0.907,18.449
66,2.2,TRACK,320.038,259.978,320.0,260.0,0.044,0.909,13.62
67,2.2333,TRACK,323.289,261.764,323.333,261.667,0.107,0.908,14.146
68,2.2667,TRACK,326.713,263.292,326.667,263.333,0.062,0.908,13.429
69,2.3,TRACK,330.036,264.972,330.0,265.0,0.046,0.909,14.511
70,2.3333,TRACK,333.288,266.76,333.333,266.667,0.103,0.91,14.072
71,2.3667,TRACK,336.706,268.293,336.667,268.333,0.057,0.909,12.941
72,2.4,TRACK,340.031,269.976,340.0,270.0,0.04,0.91,14.024
73,2.4333,TRACK,343.285,271.76,343.333,271.667,0.105,0.91,20.452
74,2.4667,TRACK,346.706,273.294,346.667,273.333,0.056,0.909,18.506
75,2.5,TRACK,350.031,274.974,350.0,275.0,0.04,0.909,13.865
76,2.5333,TRACK,353.284,276.756,353.333,276.667,0.102,0.908,14.19
77,2.5667,TRACK,356.708,278.286,356.667,278.333,0.063,0.908,19.649
78,2.6,TRACK,360.029,279.967,360.0,280.0,0.044,0.909,15.169
79,2.6333,TRACK,363.28,281.758,363.333,281.667,0.106,0.908,14.923
80,2.6667,TRACK,366.7,283.295,366.667,283.333,0.051,0.908,20.748
81,2.7,TRACK,370.023,284.98,370.0,285.0,0.03,0.908,13.58
82,2.7333,TRACK,373.276,286.768,373.333,286.667,0.116,0.907,15.591
83,2.7667,TRACK,376.702,288.293,376.667,288.333,0.053,0.907,15.457
84,2.8,TRACK,380.027,289.974,380.0,290.0,0.037,0.908,13.287
85,2.8333,TRACK,383.281,291.76,383.333,291.667,0.108,0.909,13.521
86,2.8667,TRACK,386.703,293.291,386.667,293.333,0.056,0.909,14.236
87,2.9,TRACK,390.028,294.974,390.0,295.0,0.039,0.909,20.714
88,2.9333,TRACK,393.281,296.759,393.333,296.667,0.105,0.91,20.998
89,2.9667,TRACK,396.703,298.294,396.667,298.333,0.053,0.91,13.563
90,3.0,TRACK,400.028,299.977,400.0,300.0,0.036,0.91,15.854
91,3.0333,TRACK,403.281,301.762,403.333,301.667,0.108,0.91,14.619
92,3.0667,TRACK,406.702,303.295,406.667,303.333,0.052,0.909,15.453
93,3.1,TRACK,410.027,304.975,410.0,305.0,0.037,0.91,16.945
94,3.1333,TRACK,413.28,306.759,413.333,306.667,0.106,0.908,18.893
95,3.1667,TRACK,416.701,308.293,416.667,308.333,0.053,0.908,16.816
96,3.2,TRACK,420.023,309.977,420.0,310.0,0.032,0.91,19.427
97,3.2333,TRACK,423.277,311.757,423.333,311.667,0.107,0.909,19.813
98,3.2667,TRACK,426.699,313.287,426.667,313.333,0.057,0.907,15.94
99,3.3,TRACK,430.023,314.968,430.0,315.0,0.04,0.908,17.478
100,3.3333,TRACK,433.278,316.75,433.333,316.667,0.1,0.908,21.74
101,3.3667,TRACK,436.7,318.283,436.667,318.333,0.06,0.908,26.498
102,3.4,TRACK,440.025,319.962,440.0,320.0,0.045,0.909,21.617
103,3.4333,TRACK,443.283,321.743,443.333,321.667,0.091,0.909,31.127
104,3.4667,TRACK,446.706,323.277,446.667,323.333,0.069,0.908,20.684
105,3.5,TRACK,450.028,324.958,450.0,325.0,0.05,0.91,22.948
106,3.5333,TRACK,453.278,326.747,453.333,326.667,0.097,0.909,24.767
107,3.5667,TRACK,456.7,328.279,456.667,328.333,0.064,0.908,18.335
108,3.6,TRACK,460.024,329.961,460.0,330.0,0.046,0.908,19.331
109,3.6333,TRACK,463.277,331.747,463.333,331.667,0.099,0.907,17.071
110,3.6667,TRACK,466.698,333.279,466.667,333.333,0.062,0.907,15.59
111,3.7,TRACK,470.021,334.965,470.0,335.0,0.041,0.908,16.157
112,3.7333,TRACK,473.274,336.754,473.333,336.667,0.105,0.908,16.833
113,3.7667,TRACK,476.696,338.288,476.667,338.333,0.054,0.908,14.164
114,3.8,TRACK,480.024,339.965,480.0,340.0,0.042,0.909,15.324
115,3.8333,TRACK,483.278,341.753,483.333,341.667,0.102,0.909,15.583
116,3.8667,TRACK,486.701,343.284,486.667,343.333,0.06,0.908,17.889
117,3.9,TRACK,490.026,344.966,490.0,345.0,0.043,0.909,15.973
118,3.9333,TRACK,493.281,346.748,493.333,346.667,0.097,0.908,16.873
119,3.9667,TRACK,496.705,348.279,496.667,348.333,0.066,0.907,14.194
